<application>
  <component name="ProjectJdkTable">
    <jdk version="2">
      <name value="Python 3.6" />
      <type value="Python SDK" />
      <version value="Python 3.6.5" />
      <homePath value="/usr/anaconda3/bin/python3.6" />
      <roots>
        <classPath>
          <root type="composite">
            <root url="file:///usr/anaconda3/lib/python3.6" type="simple" />
            <root url="file:///usr/anaconda3/lib/python3.6/lib-dynload" type="simple" />
            <root url="file:///usr/anaconda3/lib/python3.6/site-packages" type="simple" />
            <root url="file://$USER_HOME$/.PyCharmCE2018.3/system/python_stubs/-1870590362" type="simple" />
            <root url="file://$APPLICATION_HOME_DIR$/helpers/python-skeletons" type="simple" />
            <root url="file://$APPLICATION_HOME_DIR$/helpers/typeshed/stdlib/3" type="simple" />
            <root url="file://$APPLICATION_HOME_DIR$/helpers/typeshed/stdlib/2and3" type="simple" />
            <root url="file://$APPLICATION_HOME_DIR$/helpers/typeshed/third_party/3" type="simple" />
            <root url="file://$APPLICATION_HOME_DIR$/helpers/typeshed/third_party/2and3" type="simple" />
          </root>
        </classPath>
        <sourcePath>
          <root type="composite" />
        </sourcePath>
      </roots>
      <additional />
    </jdk>
    <jdk version="2">
      <name value="Python 3.6 (tensorflow)" />
      <type value="Python SDK" />
      <version value="Python 3.6.2" />
      <homePath value="$USER_HOME$/.conda/envs/tensorflow/bin/python" />
      <roots>
        <classPath>
          <root type="composite">
            <root url="file://$USER_HOME$/.conda/envs/tensorflow/lib/python3.6" type="simple" />
            <root url="file://$USER_HOME$/.conda/envs/tensorflow/lib/python3.6/lib-dynload" type="simple" />
            <root url="file://$USER_HOME$/.conda/envs/tensorflow/lib/python3.6/site-packages" type="simple" />
            <root url="file://$USER_HOME$/.PyCharmCE2018.3/system/python_stubs/-1247371175" type="simple" />
            <root url="file://$APPLICATION_HOME_DIR$/helpers/python-skeletons" type="simple" />
            <root url="file://$APPLICATION_HOME_DIR$/helpers/typeshed/stdlib/3" type="simple" />
            <root url="file://$APPLICATION_HOME_DIR$/helpers/typeshed/stdlib/2and3" type="simple" />
            <root url="file://$APPLICATION_HOME_DIR$/helpers/typeshed/third_party/3" type="simple" />
            <root url="file://$APPLICATION_HOME_DIR$/helpers/typeshed/third_party/2and3" type="simple" />
          </root>
        </classPath>
        <sourcePath>
          <root type="composite" />
        </sourcePath>
      </roots>
      <additional />
    </jdk>
  </component>
</application>